id,service_name,description,unit,unit_price,tax_rate
S001,Website Design,Professional website design package,project,25000.0,18.0
S002,Website Development,Full-stack website development,project,50000.0,18.0
S003,Logo Design,Professional logo design,project,5000.0,18.0
S004,Social Media Campaign,Complete social media marketing campaign,campaign,15000.0,18.0
S005,SEO Optimization,Search engine optimization services,project,20000.0,18.0
S006,Mobile App Development,Native mobile app development,project,80000.0,18.0
S007,UI/UX Design,User interface and experience design,project,30000.0,18.0
S008,Content Writing,Professional content writing services,word,2.0,18.0
S009,Product Photography,Professional product photography,hour,5000.0,18.0
S010,Video Editing,Professional video editing,hour,3000.0,18.0
S011,Digital Marketing,Comprehensive digital marketing,month,25000.0,18.0
S012,Business Consultation,Business strategy consultation,hour,5000.0,18.0
